StoreName,City
MBOTW,75833
MBOTW,Account
MBOTW,75835
MBOTW,75849
MBOTW,75856
MBOTW,75934
MBOTW,75939
MBOTW,75941
MBOTW,77326
MBOTW,77332
MBOTW,77350
MBOTW,77351
MBOTW,77399
MBOTW,75845
MBOTW,75851
MBOTW,75852
MBOTW,75862
MBOTW,75865
MBOTW,75960
MBOTW,77301
MBOTW,77302
MBOTW,77303
MBOTW,77304
MBOTW,77305
MBOTW,77306
MBOTW,77316
MBOTW,77318
MBOTW,77320
MBOTW,77327
MBOTW,77328
MBOTW,77331
MBOTW,77333
MBOTW,77334
MBOTW,77335
MBOTW,77340
MBOTW,77341
MBOTW,77342
MBOTW,77343
MBOTW,77344
MBOTW,77348
MBOTW,77349
MBOTW,77353
MBOTW,77354
MBOTW,77355
MBOTW,77356
MBOTW,77357
MBOTW,77358
MBOTW,77359
MBOTW,77360
MBOTW,77362
MBOTW,77363
MBOTW,77364
MBOTW,77365
MBOTW,77367
MBOTW,77368
MBOTW,77369
MBOTW,77371
MBOTW,77372
MBOTW,77378
MBOTW,77380
MBOTW,77381
MBOTW,77382
MBOTW,77384
MBOTW,77385
MBOTW,77387
MBOTW,77389
MBOTW,77393
MBOTW,77801
MBOTW,77802
MBOTW,77803
MBOTW,77805
MBOTW,77806
MBOTW,77830
MBOTW,77831
MBOTW,77840
MBOTW,77841
MBOTW,77842
MBOTW,77843
MBOTW,77844
MBOTW,77845
MBOTW,77861
MBOTW,77864
MBOTW,77866
MBOTW,77868
MBOTW,77869
MBOTW,77873
MBOTW,77875
MBOTW,77876
MBOTW,77880
MBOTW,77881
MBOTW,75850
MBOTW,77808
MBOTW,77862
MBOTW,77872
MBOTW,77807
MBofMC,42049
MBofMC,37010
MBofMC,37011
MBofMC,37012
MBofMC,37013
MBofMC,37015
MBofMC,37016
MBofMC,37023
MBofMC,37028
MBofMC,37030
MBofMC,37031
MBofMC,37032
MBofMC,37035
MBofMC,37036
MBofMC,37040
MBofMC,37041
MBofMC,37042
MBofMC,37043
MBofMC,37044
MBofMC,37048
MBofMC,37050
MBofMC,37051
MBofMC,37052
MBofMC,37058
MBofMC,37059
MBofMC,37066
MBofMC,37070
MBofMC,37071
MBofMC,37072
MBofMC,37073
MBofMC,37074
MBofMC,37075
MBofMC,37076
MBofMC,37077
MBofMC,37079
MBofMC,37080
MBofMC,37085
MBofMC,37086
MBofMC,37087
MBofMC,37088
MBofMC,37089
MBofMC,37090
MBofMC,37095
MBofMC,37115
MBofMC,37116
MBofMC,37118
MBofMC,37121
MBofMC,37122
MBofMC,37129
MBofMC,37131
MBofMC,37136
MBofMC,37138
MBofMC,37142
MBofMC,37143
MBofMC,37146
MBofMC,37151
MBofMC,37152
MBofMC,37155
MBofMC,37165
MBofMC,37166
MBofMC,37167
MBofMC,37171
MBofMC,37172
MBofMC,37184
MBofMC,37188
MBofMC,37189
MBofMC,37191
MBofMC,37201
MBofMC,37202
MBofMC,37203
MBofMC,37204
MBofMC,37205
MBofMC,37206
MBofMC,37207
MBofMC,37208
MBofMC,37209
MBofMC,37210
MBofMC,37211
MBofMC,37212
MBofMC,37213
MBofMC,37214
MBofMC,37215
MBofMC,37216
MBofMC,37217
MBofMC,37218
MBofMC,37219
MBofMC,37220
MBofMC,37222
MBofMC,37224
MBofMC,37227
MBofMC,37228
MBofMC,37229
MBofMC,37230
MBofMC,37232
MBofMC,37234
MBofMC,37235
MBofMC,37236
MBofMC,37237
MBofMC,37238
MBofMC,37239
MBofMC,37240
MBofMC,37241
MBofMC,37242
MBofMC,37243
MBofMC,37244
MBofMC,37245
MBofMC,37246
MBofMC,37247
MBofMC,37248
MBofMC,37249
MBofMC,37250
MBofMC,38201
MBofMC,38222
MBofMC,38223
MBofMC,38224
MBofMC,38231
MBofMC,38236
MBofMC,38242
MBofMC,38251
MBofMC,38256
MBofMC,38501
MBofMC,38502
MBofMC,38503
MBofMC,38505
MBofMC,38506
MBofMC,38544
MBofMC,38545
MBofMC,38547
MBofMC,38548
MBofMC,38552
MBofMC,38560
MBofMC,38563
MBofMC,38564
MBofMC,38567
MBofMC,38569
MBofMC,38582
MBofMC,42046
MBofMC,42076
MBofMC,42223
MBofMC,42236
MBofMC,42254
MBofMC,42262
MBofMC,38229
MBofMC,38230
MBOBR,39630
MBOBR,39631
MBOBR,39633
MBOBR,39638
MBOBR,39645
MBOBR,39653
MBOBR,39661
MBOBR,39664
MBOBR,39669
MBOBR,70052
MBOBR,70071
MBOBR,70086
MBOBR,70339
MBOBR,70341
MBOBR,70346
MBOBR,70372
MBOBR,70376
MBOBR,70390
MBOBR,70391
MBOBR,70393
MBOBR,70441
MBOBR,70449
MBOBR,70453
MBOBR,70704
MBOBR,70706
MBOBR,70707
MBOBR,70710
MBOBR,70712
MBOBR,70714
MBOBR,70715
MBOBR,70716
MBOBR,70717
MBOBR,70718
MBOBR,70719
MBOBR,70720
MBOBR,70721
MBOBR,70722
MBOBR,70723
MBOBR,70725
MBOBR,70726
MBOBR,70727
MBOBR,70728
MBOBR,70729
MBOBR,70730
MBOBR,70732
MBOBR,70733
MBOBR,70734
MBOBR,70736
MBOBR,70737
MBOBR,70738
MBOBR,70739
MBOBR,70740
MBOBR,70743
MBOBR,70744
MBOBR,70747
MBOBR,70748
MBOBR,70749
MBOBR,70751
MBOBR,70752
MBOBR,70753
MBOBR,70754
MBOBR,70755
MBOBR,70756
MBOBR,70757
MBOBR,70759
MBOBR,70760
MBOBR,70761
MBOBR,70762
MBOBR,70763
MBOBR,70764
MBOBR,70765
MBOBR,70767
MBOBR,70769
MBOBR,70770
MBOBR,70772
MBOBR,70773
MBOBR,70774
MBOBR,70775
MBOBR,70776
MBOBR,70777
MBOBR,70778
MBOBR,70780
MBOBR,70781
MBOBR,70782
MBOBR,70783
MBOBR,70784
MBOBR,70785
MBOBR,70786
MBOBR,70787
MBOBR,70788
MBOBR,70789
MBOBR,70791
MBOBR,70792
MBOBR,70801
MBOBR,70802
MBOBR,70803
MBOBR,70804
MBOBR,70805
MBOBR,70806
MBOBR,70807
MBOBR,70808
MBOBR,70809
MBOBR,70810
MBOBR,70811
MBOBR,70812
MBOBR,70813
MBOBR,70814
MBOBR,70815
MBOBR,70816
MBOBR,70817
MBOBR,70818
MBOBR,70819
MBOBR,70820
MBOBR,70821
MBOBR,70822
MBOBR,70823
MBOBR,70825
MBOBR,70826
MBOBR,70827
MBOBR,70828
MBOBR,70831
MBOBR,70833
MBOBR,70835
MBOBR,70836
MBOBR,70837
MBOBR,70873
MBOBR,70874
MBOBR,70879
MBOBR,70883
MBOBR,70884
MBOBR,70891
MBOBR,70892
MBOBR,70893
MBOBR,70894
MBOBR,70895
MBOBR,70896
MBOBR,70898
PHofNash,35610
PHofNash,35611
PHofNash,35612
PHofNash,35613
PHofNash,35614
PHofNash,35620
PHofNash,35645
PHofNash,35647
PHofNash,35648
PHofNash,35652
PHofNash,35739
PHofNash,35740
PHofNash,35742
PHofNash,35745
PHofNash,35749
PHofNash,35750
PHofNash,35751
PHofNash,35757
PHofNash,35759
PHofNash,35761
PHofNash,35762
PHofNash,35766
PHofNash,35767
PHofNash,35773
PHofNash,35806
PHofNash,35810
PHofNash,35811
PHofNash,35814
PHofNash,35816
PHofNash,35896
PHofNash,35899
PHofNash,37010
PHofNash,37011
PHofNash,37012
PHofNash,37013
PHofNash,37014
PHofNash,37015
PHofNash,37016
PHofNash,37018
PHofNash,37019
PHofNash,37020
PHofNash,37022
PHofNash,37023
PHofNash,37024
PHofNash,37025
PHofNash,37026
PHofNash,37027
PHofNash,37028
PHofNash,37029
PHofNash,37030
PHofNash,37031
PHofNash,37032
PHofNash,37033
PHofNash,37034
PHofNash,37035
PHofNash,37036
PHofNash,37037
PHofNash,37040
PHofNash,37041
PHofNash,37042
PHofNash,37043
PHofNash,37044
PHofNash,37046
PHofNash,37047
PHofNash,37048
PHofNash,37049
PHofNash,37050
PHofNash,37051
PHofNash,37052
PHofNash,37055
PHofNash,37056
PHofNash,37057
PHofNash,37058
PHofNash,37059
PHofNash,37060
PHofNash,37061
PHofNash,37062
PHofNash,37063
PHofNash,37064
PHofNash,37065
PHofNash,37066
PHofNash,37067
PHofNash,37068
PHofNash,37069
PHofNash,37070
PHofNash,37071
PHofNash,37072
PHofNash,37073
PHofNash,37074
PHofNash,37075
PHofNash,37076
PHofNash,37077
PHofNash,37078
PHofNash,37079
PHofNash,37080
PHofNash,37082
PHofNash,37083
PHofNash,37085
PHofNash,37086
PHofNash,37087
PHofNash,37088
PHofNash,37089
PHofNash,37090
PHofNash,37091
PHofNash,37095
PHofNash,37096
PHofNash,37097
PHofNash,37098
PHofNash,37101
PHofNash,37110
PHofNash,37111
PHofNash,37115
PHofNash,37116
PHofNash,37118
PHofNash,37119
PHofNash,37121
PHofNash,37122
PHofNash,37127
PHofNash,37128
PHofNash,37129
PHofNash,37130
PHofNash,37131
PHofNash,37132
PHofNash,37133
PHofNash,37134
PHofNash,37135
PHofNash,37136
PHofNash,37137
PHofNash,37138
PHofNash,37140
PHofNash,37141
PHofNash,37142
PHofNash,37143
PHofNash,37144
PHofNash,37145
PHofNash,37146
PHofNash,37148
PHofNash,37149
PHofNash,37150
PHofNash,37151
PHofNash,37152
PHofNash,37153
PHofNash,37160
PHofNash,37161
PHofNash,37162
PHofNash,37165
PHofNash,37166
PHofNash,37167
PHofNash,37171
PHofNash,37172
PHofNash,37174
PHofNash,37175
PHofNash,37178
PHofNash,37179
PHofNash,37180
PHofNash,37181
PHofNash,37183
PHofNash,37184
PHofNash,37185
PHofNash,37186
PHofNash,37187
PHofNash,37188
PHofNash,37189
PHofNash,37190
PHofNash,37191
PHofNash,37201
PHofNash,37202
PHofNash,37203
PHofNash,37204
PHofNash,37205
PHofNash,37206
PHofNash,37207
PHofNash,37208
PHofNash,37209
PHofNash,37210
PHofNash,37211
PHofNash,37212
PHofNash,37213
PHofNash,37214
PHofNash,37215
PHofNash,37216
PHofNash,37217
PHofNash,37218
PHofNash,37219
PHofNash,37220
PHofNash,37221
PHofNash,37222
PHofNash,37224
PHofNash,37227
PHofNash,37228
PHofNash,37229
PHofNash,37230
PHofNash,37232
PHofNash,37234
PHofNash,37235
PHofNash,37236
PHofNash,37238
PHofNash,37240
PHofNash,37241
PHofNash,37242
PHofNash,37243
PHofNash,37244
PHofNash,37246
PHofNash,37250
PHofNash,37301
PHofNash,37305
PHofNash,37306
PHofNash,37313
PHofNash,37318
PHofNash,37324
PHofNash,37327
PHofNash,37328
PHofNash,37330
PHofNash,37334
PHofNash,37335
PHofNash,37338
PHofNash,37339
PHofNash,37342
PHofNash,37345
PHofNash,37347
PHofNash,37348
PHofNash,37349
PHofNash,37352
PHofNash,37355
PHofNash,37356
PHofNash,37357
PHofNash,37359
PHofNash,37360
PHofNash,37365
PHofNash,37366
PHofNash,37367
PHofNash,37374
PHofNash,37375
PHofNash,37376
PHofNash,37378
PHofNash,37380
PHofNash,37382
PHofNash,37383
PHofNash,37387
PHofNash,37388
PHofNash,37389
PHofNash,37394
PHofNash,37397
PHofNash,37398
PHofNash,38221
PHofNash,38222
PHofNash,38231
PHofNash,38236
PHofNash,38242
PHofNash,38251
PHofNash,38256
PHofNash,38311
PHofNash,38317
PHofNash,38318
PHofNash,38320
PHofNash,38324
PHofNash,38328
PHofNash,38329
PHofNash,38333
PHofNash,38341
PHofNash,38342
PHofNash,38344
PHofNash,38363
PHofNash,38374
PHofNash,38380
PHofNash,38387
PHofNash,38388
PHofNash,38390
PHofNash,38401
PHofNash,38402
PHofNash,38425
PHofNash,38449
PHofNash,38450
PHofNash,38451
PHofNash,38452
PHofNash,38453
PHofNash,38454
PHofNash,38455
PHofNash,38456
PHofNash,38457
PHofNash,38459
PHofNash,38460
PHofNash,38461
PHofNash,38462
PHofNash,38463
PHofNash,38464
PHofNash,38468
PHofNash,38469
PHofNash,38472
PHofNash,38473
PHofNash,38474
PHofNash,38475
PHofNash,38476
PHofNash,38477
PHofNash,38478
PHofNash,38481
PHofNash,38482
PHofNash,38483
PHofNash,38485
PHofNash,38486
PHofNash,38487
PHofNash,38488
PHofNash,38501
PHofNash,38502
PHofNash,38503
PHofNash,38505
PHofNash,38506
PHofNash,38541
PHofNash,38542
PHofNash,38543
PHofNash,38544
PHofNash,38545
PHofNash,38547
PHofNash,38548
PHofNash,38549
PHofNash,38550
PHofNash,38551
PHofNash,38552
PHofNash,38553
PHofNash,38554
PHofNash,38555
PHofNash,38556
PHofNash,38557
PHofNash,38558
PHofNash,38559
PHofNash,38560
PHofNash,38562
PHofNash,38563
PHofNash,38564
PHofNash,38565
PHofNash,38567
PHofNash,38568
PHofNash,38569
PHofNash,38570
PHofNash,38571
PHofNash,38572
PHofNash,38573
PHofNash,38574
PHofNash,38575
PHofNash,38577
PHofNash,38578
PHofNash,38579
PHofNash,38580
PHofNash,38581
PHofNash,38582
PHofNash,38583
PHofNash,38585
PHofNash,38587
PHofNash,38588
PHofNash,38589
PHofNash,42020
PHofNash,42036
PHofNash,42048
PHofNash,42049
PHofNash,42071
PHofNash,42076
PHofNash,42101
PHofNash,42102
PHofNash,42103
PHofNash,42104
PHofNash,42120
PHofNash,42122
PHofNash,42123
PHofNash,42124
PHofNash,42127
PHofNash,42128
PHofNash,42129
PHofNash,42130
PHofNash,42131
PHofNash,42133
PHofNash,42134
PHofNash,42135
PHofNash,42140
PHofNash,42141
PHofNash,42142
PHofNash,42151
PHofNash,42152
PHofNash,42153
PHofNash,42154
PHofNash,42156
PHofNash,42157
PHofNash,42159
PHofNash,42160
PHofNash,42163
PHofNash,42164
PHofNash,42166
PHofNash,42167
PHofNash,42170
PHofNash,42171
PHofNash,42201
PHofNash,42202
PHofNash,42204
PHofNash,42206
PHofNash,42207
PHofNash,42210
PHofNash,42211
PHofNash,42214
PHofNash,42215
PHofNash,42216
PHofNash,42217
PHofNash,42219
PHofNash,42220
PHofNash,42221
PHofNash,42223
PHofNash,42232
PHofNash,42234
PHofNash,42236
PHofNash,42240
PHofNash,42241
PHofNash,42252
PHofNash,42254
PHofNash,42256
PHofNash,42259
PHofNash,42261
PHofNash,42262
PHofNash,42265
PHofNash,42266
PHofNash,42273
PHofNash,42274
PHofNash,42275
PHofNash,42276
PHofNash,42280
PHofNash,42285
PHofNash,42286
PHofNash,42288
PHofNash,42320
PHofNash,42321
PHofNash,42323
PHofNash,42324
PHofNash,42325
PHofNash,42326
PHofNash,42328
PHofNash,42330
PHofNash,42332
PHofNash,42333
PHofNash,42337
PHofNash,42338
PHofNash,42339
PHofNash,42344
PHofNash,42345
PHofNash,42347
PHofNash,42349
PHofNash,42350
PHofNash,42352
PHofNash,42354
PHofNash,42361
PHofNash,42367
PHofNash,42369
PHofNash,42370
PHofNash,42372
PHofNash,42374
PHofNash,42408
PHofNash,42410
PHofNash,42431
PHofNash,42440
PHofNash,42442
PHofNash,42445
PHofNash,42453
PHofNash,42464
PHofNash,42602
PHofNash,42713
PHofNash,42715
PHofNash,42717
PHofNash,42721
PHofNash,42722
PHofNash,42726
PHofNash,42729
PHofNash,42741
PHofNash,42742
PHofNash,42743
PHofNash,42746
PHofNash,42749
PHofNash,42754
PHofNash,42755
PHofNash,42759
PHofNash,42762
PHofNash,42765
MBBHM,35004
MBBHM,35005
MBBHM,35006
MBBHM,35007
MBBHM,35013
MBBHM,35014
MBBHM,35015
MBBHM,35020
MBBHM,35021
MBBHM,35022
MBBHM,35023
MBBHM,35032
MBBHM,35033
MBBHM,35035
MBBHM,35036
MBBHM,35038
MBBHM,35040
MBBHM,35041
MBBHM,35043
MBBHM,35044
MBBHM,35045
MBBHM,35046
MBBHM,35048
MBBHM,35049
MBBHM,35051
MBBHM,35052
MBBHM,35053
MBBHM,35054
MBBHM,35060
MBBHM,35061
MBBHM,35062
MBBHM,35063
MBBHM,35064
MBBHM,35068
MBBHM,35070
MBBHM,35071
MBBHM,35072
MBBHM,35073
MBBHM,35077
MBBHM,35078
MBBHM,35079
MBBHM,35080
MBBHM,35082
MBBHM,35085
MBBHM,35091
MBBHM,35094
MBBHM,35096
MBBHM,35097
MBBHM,35111
MBBHM,35112
MBBHM,35114
MBBHM,35115
MBBHM,35116
MBBHM,35117
MBBHM,35118
MBBHM,35119
MBBHM,35120
MBBHM,35121
MBBHM,35123
MBBHM,35124
MBBHM,35125
MBBHM,35126
MBBHM,35127
MBBHM,35128
MBBHM,35130
MBBHM,35131
MBBHM,35133
MBBHM,35135
MBBHM,35137
MBBHM,35139
MBBHM,35142
MBBHM,35143
MBBHM,35144
MBBHM,35146
MBBHM,35147
MBBHM,35148
MBBHM,35149
MBBHM,35150
MBBHM,35151
MBBHM,35160
MBBHM,35161
MBBHM,35171
MBBHM,35172
MBBHM,35173
MBBHM,35176
MBBHM,35178
MBBHM,35180
MBBHM,35181
MBBHM,35182
MBBHM,35183
MBBHM,35185
MBBHM,35186
MBBHM,35187
MBBHM,35201
MBBHM,35202
MBBHM,35203
MBBHM,35204
MBBHM,35205
MBBHM,35206
MBBHM,35207
MBBHM,35208
MBBHM,35209
MBBHM,35210
MBBHM,35211
MBBHM,35212
MBBHM,35213
MBBHM,35214
MBBHM,35215
MBBHM,35216
MBBHM,35217
MBBHM,35218
MBBHM,35219
MBBHM,35220
MBBHM,35221
MBBHM,35222
MBBHM,35223
MBBHM,35224
MBBHM,35225
MBBHM,35226
MBBHM,35228
MBBHM,35229
MBBHM,35230
MBBHM,35231
MBBHM,35232
MBBHM,35233
MBBHM,35234
MBBHM,35235
MBBHM,35236
MBBHM,35237
MBBHM,35238
MBBHM,35240
MBBHM,35242
MBBHM,35243
MBBHM,35244
MBBHM,35245
MBBHM,35246
MBBHM,35249
MBBHM,35253
MBBHM,35254
MBBHM,35255
MBBHM,35256
MBBHM,35259
MBBHM,35260
MBBHM,35261
MBBHM,35263
MBBHM,35266
MBBHM,35270
MBBHM,35275
MBBHM,35277
MBBHM,35278
MBBHM,35279
MBBHM,35280
MBBHM,35281
MBBHM,35282
MBBHM,35283
MBBHM,35285
MBBHM,35286
MBBHM,35287
MBBHM,35288
MBBHM,35289
MBBHM,35290
MBBHM,35291
MBBHM,35292
MBBHM,35293
MBBHM,35294
MBBHM,35295
MBBHM,35296
MBBHM,35297
MBBHM,35298
MBBHM,35299
MBBHM,35501
MBBHM,35502
MBBHM,35503
MBBHM,35504
MBBHM,35541
MBBHM,35549
MBBHM,35550
MBBHM,35554
MBBHM,35560
MBBHM,35573
MBBHM,35578
MBBHM,35579
MBBHM,35580
MBBHM,35584
MBBHM,35587
MBBHM,35905
MBBHM,35906
MBBHM,35907
MBBHM,35953
MBBHM,35972
MBBHM,35987
MBBHM,36201
MBBHM,36202
MBBHM,36203
MBBHM,36204
MBBHM,36205
MBBHM,36206
MBBHM,36207
MBBHM,36210
MBBHM,36250
MBBHM,36251
MBBHM,36253
MBBHM,36254
MBBHM,36255
MBBHM,36257
MBBHM,36258
MBBHM,36260
MBBHM,36261
MBBHM,36264
MBBHM,36265
MBBHM,36266
MBBHM,36267
MBBHM,36268
MBBHM,36271
MBBHM,36277
MBBHM,36279
MBBHM,36750
MBBHM,36790
MBBHM,36792
MBBHM,36793
Infiniti,35004
Infiniti,35005
Infiniti,35006
Infiniti,35007
Infiniti,35014
Infiniti,35015
Infiniti,35020
Infiniti,35021
Infiniti,35022
Infiniti,35023
Infiniti,35032
Infiniti,35033
Infiniti,35035
Infiniti,35036
Infiniti,35038
Infiniti,35040
Infiniti,35041
Infiniti,35042
Infiniti,35043
Infiniti,35044
Infiniti,35045
Infiniti,35046
Infiniti,35048
Infiniti,35051
Infiniti,35052
Infiniti,35054
Infiniti,35060
Infiniti,35061
Infiniti,35062
Infiniti,35063
Infiniti,35064
Infiniti,35068
Infiniti,35071
Infiniti,35073
Infiniti,35074
Infiniti,35078
Infiniti,35079
Infiniti,35080
Infiniti,35085
Infiniti,35091
Infiniti,35094
Infiniti,35097
Infiniti,35112
Infiniti,35114
Infiniti,35115
Infiniti,35116
Infiniti,35117
Infiniti,35118
Infiniti,35119
Infiniti,35120
Infiniti,35123
Infiniti,35124
Infiniti,35125
Infiniti,35126
Infiniti,35127
Infiniti,35128
Infiniti,35130
Infiniti,35131
Infiniti,35133
Infiniti,35135
Infiniti,35137
Infiniti,35139
Infiniti,35142
Infiniti,35143
Infiniti,35144
Infiniti,35146
Infiniti,35147
Infiniti,35148
Infiniti,35149
Infiniti,35150
Infiniti,35171
Infiniti,35172
Infiniti,35173
Infiniti,35176
Infiniti,35178
Infiniti,35180
Infiniti,35181
Infiniti,35182
Infiniti,35184
Infiniti,35185
Infiniti,35186
Infiniti,35188
Infiniti,35201
Infiniti,35202
Infiniti,35203
Infiniti,35204
Infiniti,35205
Infiniti,35206
Infiniti,35207
Infiniti,35208
Infiniti,35209
Infiniti,35210
Infiniti,35211
Infiniti,35212
Infiniti,35213
Infiniti,35214
Infiniti,35215
Infiniti,35216
Infiniti,35217
Infiniti,35218
Infiniti,35219
Infiniti,35220
Infiniti,35221
Infiniti,35222
Infiniti,35223
Infiniti,35224
Infiniti,35225
Infiniti,35226
Infiniti,35228
Infiniti,35229
Infiniti,35230
Infiniti,35231
Infiniti,35232
Infiniti,35233
Infiniti,35234
Infiniti,35235
Infiniti,35237
Infiniti,35238
Infiniti,35240
Infiniti,35242
Infiniti,35243
Infiniti,35244
Infiniti,35245
Infiniti,35246
Infiniti,35249
Infiniti,35253
Infiniti,35254
Infiniti,35255
Infiniti,35256
Infiniti,35259
Infiniti,35260
Infiniti,35261
Infiniti,35263
Infiniti,35266
Infiniti,35270
Infiniti,35275
Infiniti,35277
Infiniti,35278
Infiniti,35279
Infiniti,35280
Infiniti,35281
Infiniti,35282
Infiniti,35283
Infiniti,35285
Infiniti,35286
Infiniti,35287
Infiniti,35288
Infiniti,35289
Infiniti,35290
Infiniti,35291
Infiniti,35292
Infiniti,35293
Infiniti,35294
Infiniti,35295
Infiniti,35296
Infiniti,35297
Infiniti,35298
Infiniti,35299
Infiniti,35404
Infiniti,35405
Infiniti,35407
Infiniti,35440
Infiniti,35444
Infiniti,35449
Infiniti,35453
Infiniti,35456
Infiniti,35468
Infiniti,35478
Infiniti,35490
Infiniti,35501
Infiniti,35502
Infiniti,35550
Infiniti,35560
Infiniti,35580
Infiniti,35584
Infiniti,36750
Infiniti,36790
Infiniti,36792
Infiniti,36793
Infiniti,35111
Infiniti,35082
MBOCG,33010
MBOCG,33103
MBOCG,33108
MBOCG,33114
MBOCG,33125
MBOCG,33129
MBOCG,33133
MBOCG,33137
MBOCG,33143
MBOCG,33148
MBOCG,33155
MBOCG,33166
MBOCG,33175
MBOCG,33188
MBOCG,33195
MBOCG,33218
MBOCG,33233
MBOCG,33243
MBOCG,33256
MBOCG,33299
MBOCG,34003
MBOCG,34007
MBOCG,34011
MBOCG,34015
MBOCG,34019
MBOCG,34023
MBOCG,34027
MBOCG,34031
MBOCG,34035
MBOCG,34039
MBOCG,34043
MBOCG,34047
MBOCG,34051
MBOCG,34055
MBOCG,34059
MBOCG,34063
MBOCG,34067
MBOCG,34071
MBOCG,34075
MBOCG,34079
MBOCG,34083
MBOCG,34087
MBOCG,34091
MBOCG,34095
MBOCG,34099
MBOCG,33011
MBOCG,33104
MBOCG,33109
MBOCG,33119
MBOCG,33126
MBOCG,33130
MBOCG,33134
MBOCG,33139
MBOCG,33144
MBOCG,33149
MBOCG,33156
MBOCG,33172
MBOCG,33178
MBOCG,33191
MBOCG,33198
MBOCG,33220
MBOCG,33234
MBOCG,33245
MBOCG,33265
MBOCG,34000
MBOCG,34004
MBOCG,34008
MBOCG,34012
MBOCG,34016
MBOCG,34020
MBOCG,34024
MBOCG,34028
MBOCG,34032
MBOCG,34036
MBOCG,34040
MBOCG,34044
MBOCG,34048
MBOCG,34052
MBOCG,34056
MBOCG,34060
MBOCG,34064
MBOCG,34068
MBOCG,34072
MBOCG,34076
MBOCG,34080
MBOCG,34084
MBOCG,34088
MBOCG,34092
MBOCG,34096
MBOCG,33101
MBOCG,33106
MBOCG,33111
MBOCG,33121
MBOCG,33127
MBOCG,33131
MBOCG,33135
MBOCG,33140
MBOCG,33145
MBOCG,33151
MBOCG,33159
MBOCG,33173
MBOCG,33182
MBOCG,33192
MBOCG,33199
MBOCG,33222
MBOCG,33239
MBOCG,33247
MBOCG,33266
MBOCG,34001
MBOCG,34005
MBOCG,34009
MBOCG,34013
MBOCG,34017
MBOCG,34021
MBOCG,34025
MBOCG,34029
MBOCG,34033
MBOCG,34037
MBOCG,34041
MBOCG,34045
MBOCG,34049
MBOCG,34053
MBOCG,34057
MBOCG,34061
MBOCG,34065
MBOCG,34069
MBOCG,34073
MBOCG,34077
MBOCG,34081
MBOCG,34085
MBOCG,34089
MBOCG,34093
MBOCG,34097
MBOCG,33102
MBOCG,33107
MBOCG,33112
MBOCG,33122
MBOCG,33128
MBOCG,33132
MBOCG,33136
MBOCG,33142
MBOCG,33146
MBOCG,33152
MBOCG,33165
MBOCG,33174
MBOCG,33184
MBOCG,33194
MBOCG,33206
MBOCG,33231
MBOCG,33242
MBOCG,33255
MBOCG,33296
MBOCG,34002
MBOCG,34006
MBOCG,34010
MBOCG,34014
MBOCG,34018
MBOCG,34022
MBOCG,34026
MBOCG,34030
MBOCG,34034
MBOCG,34038
MBOCG,34042
MBOCG,34046
MBOCG,34050
MBOCG,34054
MBOCG,34058
MBOCG,34062
MBOCG,34066
MBOCG,34070
MBOCG,34074
MBOCG,34078
MBOCG,34082
MBOCG,34086
MBOCG,34090
MBOCG,34094
MBOCG,34098
MBOCB,33196
MBOCB,33030
MBOCB,33034
MBOCB,33090
MBOCB,33158
MBOCB,33183
MBOCB,33189
MBOCB,33197
MBOCB,00043
MBOCB,00097
MBOCB,33031
MBOCB,33035
MBOCB,33092
MBOCB,33170
MBOCB,33185
MBOCB,33190
MBOCB,33257
MBOCB,00226
MBOCB,33032
MBOCB,33037
MBOCB,33116
MBOCB,33176
MBOCB,33186
MBOCB,33193
MBOCB,33283
MBOCB,33033
MBOCB,33039
MBOCB,33157
MBOCB,33177
MBOCB,33187
MBOCB,33196
MBOCB,00043
MBOCB,00097
MBOCB,33034
MBOCB,33040
MBOCB,33044
MBOCB,33052
MBOCB,00098
MBOCB,33035
MBOCB,33041
MBOCB,33045
MBOCB,33070
MBOCB,33000
MBOCB,33036
MBOCB,33042
MBOCB,33050
MBOCB,33001
MBOCB,33037
MBOCB,33043
MBOCB,33051
MBOCB,your
